{"gradients/output.0.bias": {"_type": "histogram", "values": [1.0, 0.0, 0.0, 0.0, 0.0, 0.0, 0.0, 0.0, 0.0, 0.0, 0.0, 0.0, 0.0, 0.0, 0.0, 1.0, 0.0, 0.0, 0.0, 0.0, 0.0, 0.0, 0.0, 0.0, 0.0, 0.0, 1.0, 0.0, 0.0, 0.0, 4.0, 0.0, 1.0, 0.0, 0.0, 0.0, 0.0, 0.0, 0.0, 0.0, 0.0, 0.0, 0.0, 0.0, 0.0, 1.0, 0.0, 0.0, 0.0, 0.0, 0.0, 0.0, 0.0, 0.0, 0.0, 0.0, 0.0, 0.0, 0.0, 0.0, 0.0, 0.0, 0.0, 1.0], "bins": [-0.021260371431708336, -0.020567791536450386, -0.019875211641192436, -0.019182631745934486, -0.018490051850676537, -0.017797471955418587, -0.017104892060160637, -0.016412312164902687, -0.015719732269644737, -0.015027152374386787, -0.014334572479128838, -0.013641992583870888, -0.012949412688612938, -0.012256832793354988, -0.011564252898097038, -0.010871673002839088, -0.010179093107581139, -0.009486513212323189, -0.008793933317065239, -0.008101353421807289, -0.007408773526549339, -0.0067161936312913895, -0.00602361373603344, -0.00533103384077549, -0.00463845394551754, -0.00394587405025959, -0.0032532941550016403, -0.0025607142597436905, -0.0018681343644857407, -0.0011755544692277908, -0.000482974573969841, 0.00020960532128810883, 0.0009021870791912079, 0.0015947669744491577, 0.0022873468697071075, 0.0029799267649650574, 0.003672506660223007, 0.004365086555480957, 0.005057666450738907, 0.005750246345996857, 0.0064428262412548065, 0.007135406136512756, 0.007827986031770706, 0.008520565927028656, 0.009213145822286606, 0.009905725717544556, 0.010598305612802505, 0.011290885508060455, 0.011983465403318405, 0.012676045298576355, 0.013368625193834305, 0.014061205089092255, 0.014753784984350204, 0.015446364879608154, 0.016138944774866104, 0.016831524670124054, 0.017524104565382004, 0.018216684460639954, 0.018909264355897903, 0.019601844251155853, 0.020294424146413803, 0.020987004041671753, 0.021679583936929703, 0.022372163832187653, 0.023064743727445602]}, "gradients/output.0.weight": {"_type": "histogram", "values": [1.0, 1.0, 0.0, 1.0, 1.0, 1.0, 0.0, 0.0, 1.0, 0.0, 0.0, 1.0, 2.0, 2.0, 5.0, 6.0, 4.0, 3.0, 6.0, 4.0, 3.0, 6.0, 7.0, 6.0, 16.0, 11.0, 4.0, 9.0, 54.0, 389.0, 23.0, 3.0, 9.0, 4.0, 3.0, 8.0, 5.0, 1.0, 3.0, 4.0, 2.0, 3.0, 3.0, 2.0, 1.0, 4.0, 4.0, 2.0, 0.0, 1.0, 2.0, 2.0, 2.0, 2.0, 1.0, 0.0, 0.0, 0.0, 0.0, 0.0, 0.0, 0.0, 0.0, 2.0], "bins": [-0.10309502482414246, -0.09955764561891556, -0.09602026641368866, -0.09248287975788116, -0.08894550055265427, -0.08540812134742737, -0.08187074214220047, -0.07833336293697357, -0.07479597628116608, -0.07125859707593918, -0.06772121787071228, -0.06418383121490479, -0.06064645200967789, -0.05710907280445099, -0.05357169359922409, -0.05003431439399719, -0.046496935188770294, -0.042959555983543396, -0.0394221730530262, -0.0358847938477993, -0.032347410917282104, -0.028810031712055206, -0.025272652506828308, -0.02173527143895626, -0.01819789409637451, -0.014660513028502464, -0.011123132891952991, -0.007585752755403519, -0.004048371687531471, -0.0005109906196594238, 0.0030263885855674744, 0.006563769653439522, 0.01010114699602127, 0.013638528063893318, 0.017175909131765366, 0.020713288336992264, 0.02425066940486431, 0.02778805047273636, 0.03132542967796326, 0.034862808883190155, 0.03840019553899765, 0.04193757474422455, 0.045474957674741745, 0.04901233687996864, 0.05254971981048584, 0.05608709901571274, 0.059624478220939636, 0.06316185742616653, 0.06669923663139343, 0.07023661583662033, 0.07377399504184723, 0.07731138169765472, 0.08084876090288162, 0.08438614010810852, 0.08792351931333542, 0.09146089851856232, 0.09499828517436981, 0.09853566437959671, 0.10207304358482361, 0.1056104302406311, 0.109147809445858, 0.1126851886510849, 0.1162225678563118, 0.1197599470615387, 0.1232973262667656]}, "gradients/fc2.bias": {"_type": "histogram", "values": [1.0, 0.0, 0.0, 0.0, 0.0, 0.0, 1.0, 0.0, 0.0, 0.0, 0.0, 0.0, 0.0, 0.0, 0.0, 0.0, 0.0, 0.0, 1.0, 0.0, 0.0, 0.0, 0.0, 1.0, 0.0, 1.0, 0.0, 0.0, 1.0, 0.0, 2.0, 0.0, 0.0, 3.0, 2.0, 1.0, 0.0, 1.0, 4.0, 3.0, 7.0, 9.0, 1.0, 1.0, 2.0, 1.0, 2.0, 1.0, 0.0, 1.0, 2.0, 2.0, 1.0, 1.0, 2.0, 2.0, 1.0, 2.0, 1.0, 1.0, 0.0, 0.0, 1.0, 1.0], "bins": [-0.020791612565517426, -0.0202847458422184, -0.019777879118919373, -0.019271014258265495, -0.01876414753496647, -0.018257280811667442, -0.017750415951013565, -0.01724354922771454, -0.016736682504415512, -0.016229815781116486, -0.01572294905781746, -0.015216084197163582, -0.014709217473864555, -0.014202350750565529, -0.013695484958589077, -0.013188619166612625, -0.012681752443313599, -0.012174885720014572, -0.01166801992803812, -0.011161154136061668, -0.010654287412762642, -0.010147420689463615, -0.009640554897487164, -0.009133689105510712, -0.008626822382211685, -0.008119955658912659, -0.007613089866936207, -0.007106223609298468, -0.0065993573516607285, -0.006092491094022989, -0.00558562483638525, -0.005078758578747511, -0.004571891389787197, -0.004065025132149458, -0.0035581588745117188, -0.0030512926168739796, -0.0025444263592362404, -0.002037560101598501, -0.001530693843960762, -0.0010238275863230228, -0.0005169613286852837, -1.009507104754448e-05, 0.0004967711865901947, 0.0010036374442279339, 0.001510503701865673, 0.0020173699595034122, 0.0025242362171411514, 0.0030311024747788906, 0.00353796873241663, 0.004044834990054369, 0.004551701247692108, 0.005058567505329847, 0.0055654337629675865, 0.006072300020605326, 0.006579166278243065, 0.007086032535880804, 0.007592898793518543, 0.008099764585494995, 0.008606631308794022, 0.009113498032093048, 0.0096203638240695, 0.010127229616045952, 0.010634096339344978, 0.011140963062644005, 0.011647828854620457]}, "gradients/fc2.weight": {"_type": "histogram", "values": [1.0, 0.0, 0.0, 0.0, 0.0, 0.0, 0.0, 0.0, 1.0, 0.0, 1.0, 0.0, 1.0, 0.0, 0.0, 2.0, 1.0, 4.0, 3.0, 5.0, 4.0, 3.0, 7.0, 2.0, 4.0, 10.0, 8.0, 9.0, 11.0, 4.0, 18.0, 23.0, 24.0, 28.0, 40.0, 45.0, 87.0, 84.0, 147.0, 185.0, 256.0, 510.0, 4717.0, 496.0, 373.0, 283.0, 198.0, 148.0, 91.0, 84.0, 72.0, 46.0, 51.0, 30.0, 20.0, 21.0, 12.0, 8.0, 7.0, 3.0, 1.0, 1.0, 0.0, 2.0], "bins": [-0.10673318803310394, -0.1042211577296257, -0.10170913487672806, -0.09919710457324982, -0.09668508172035217, -0.09417305141687393, -0.09166102856397629, -0.08914899826049805, -0.0866369754076004, -0.08412494510412216, -0.08161292225122452, -0.07910089194774628, -0.07658886909484863, -0.07407683879137039, -0.07156481593847275, -0.0690527856349945, -0.06654076278209686, -0.06402873247861862, -0.06151670962572098, -0.059004683047533035, -0.05649265646934509, -0.05398062989115715, -0.05146860331296921, -0.04895657300949097, -0.046444542706012726, -0.04393251612782478, -0.04142048954963684, -0.0389084629714489, -0.036396436393260956, -0.03388440981507301, -0.03137238323688507, -0.02886035479605198, -0.026348333805799484, -0.023836307227611542, -0.0213242806494236, -0.018812254071235657, -0.016300227493047714, -0.013788199983537197, -0.01127617247402668, -0.008764145895838737, -0.006252121180295944, -0.003740094369277358, -0.001228067558258772, 0.001283959485590458, 0.0037959860637784004, 0.006308012641966343, 0.00882004015147686, 0.011332066729664803, 0.013844095170497894, 0.016356121748685837, 0.01886814832687378, 0.021380174905061722, 0.023892201483249664, 0.026404228061437607, 0.0289162565022707, 0.03142828494310379, 0.033940307796001434, 0.03645233437418938, 0.03896436095237732, 0.04147638753056526, 0.043988414108753204, 0.04650044068694115, 0.04901246726512909, 0.05152449756860733, 0.05403652414679527]}, "gradients/fc1.bias": {"_type": "histogram", "values": [1.0, 0.0, 2.0, 0.0, 0.0, 1.0, 0.0, 1.0, 2.0, 2.0, 0.0, 2.0, 4.0, 2.0, 1.0, 1.0, 2.0, 2.0, 0.0, 3.0, 4.0, 1.0, 3.0, 5.0, 3.0, 4.0, 37.0, 4.0, 6.0, 4.0, 2.0, 1.0, 1.0, 2.0, 2.0, 2.0, 3.0, 1.0, 0.0, 1.0, 2.0, 0.0, 0.0, 1.0, 1.0, 1.0, 2.0, 0.0, 0.0, 1.0, 0.0, 2.0, 1.0, 0.0, 0.0, 1.0, 1.0, 0.0, 0.0, 0.0, 1.0, 0.0, 0.0, 2.0],