{"gradients/output.0.bias": {"_type": "histogram", "values": [1.0, 0.0, 0.0, 0.0, 0.0, 0.0, 0.0, 0.0, 0.0, 0.0, 0.0, 0.0, 0.0, 0.0, 0.0, 0.0, 0.0, 0.0, 0.0, 0.0, 0.0, 0.0, 0.0, 0.0, 0.0, 1.0, 0.0, 0.0, 0.0, 0.0, 1.0, 3.0, 1.0, 1.0, 0.0, 0.0, 0.0, 1.0, 0.0, 0.0, 0.0, 0.0, 0.0, 0.0, 0.0, 0.0, 0.0, 0.0, 0.0, 0.0, 0.0, 0.0, 0.0, 0.0, 0.0, 0.0, 0.0, 0.0, 0.0, 0.0, 0.0, 0.0, 0.0, 1.0], "bins": [-0.015289881266653538, -0.014810836873948574, -0.014331793412566185, -0.013852749019861221, -0.013373705558478832, -0.012894661165773869, -0.01241561770439148, -0.011936573311686516, -0.011457529850304127, -0.010978485457599163, -0.010499441996216774, -0.01002039760351181, -0.009541354142129421, -0.009062309749424458, -0.008583266288042068, -0.008104221895337105, -0.007625177968293428, -0.007146134041249752, -0.006667090114206076, -0.006188046187162399, -0.005709002260118723, -0.0052299583330750465, -0.004750913940370083, -0.004271870478987694, -0.00379282608628273, -0.0033137821592390537, -0.0028347382321953773, -0.002355694305151701, -0.0018766502616927028, -0.0013976062182337046, -0.0009185622911900282, -0.0004395183641463518, 3.952533006668091e-05, 0.0005185692571103573, 0.0009976131841540337, 0.0014766572276130319, 0.0019557010382413864, 0.0024347451981157064, 0.002913789125159383, 0.003392833052203059, 0.003871876746416092, 0.004350920673459768, 0.004829964600503445, 0.005309008527547121, 0.005788052454590797, 0.006267096847295761, 0.00674614030867815, 0.007225184701383114, 0.00770422862842679, 0.008183272555470467, 0.00866231694817543, 0.00914136040955782, 0.009620404802262783, 0.010099448263645172, 0.010578492656350136, 0.011057536117732525, 0.011536580510437489, 0.012015624903142452, 0.012494668364524841, 0.012973712757229805, 0.013452756218612194, 0.013931800611317158, 0.014410844072699547, 0.01488988846540451, 0.0153689319267869]}, "gradients/output.0.weight": {"_type": "histogram", "values": [1.0, 0.0, 0.0, 0.0, 0.0, 0.0, 0.0, 0.0, 0.0, 0.0, 0.0, 0.0, 0.0, 1.0, 2.0, 0.0, 0.0, 1.0, 3.0, 1.0, 1.0, 1.0, 1.0, 2.0, 0.0, 5.0, 8.0, 1.0, 5.0, 11.0, 9.0, 54.0, 476.0, 15.0, 10.0, 5.0, 2.0, 5.0, 6.0, 0.0, 1.0, 2.0, 1.0, 1.0, 1.0, 2.0, 1.0, 1.0, 0.0, 2.0, 1.0, 0.0, 0.0, 0.0, 0.0, 0.0, 0.0, 0.0, 0.0, 0.0, 0.0, 0.0, 0.0, 1.0], "bins": [-0.10860607028007507, -0.10522179305553436, -0.10183751583099365, -0.09845323115587234, -0.09506895393133163, -0.09168467670679092, -0.08830039948225021, -0.0849161148071289, -0.0815318375825882, -0.07814756035804749, -0.07476328313350677, -0.07137899845838547, -0.06799472123384476, -0.06461044400930405, -0.061226166784763336, -0.05784188583493233, -0.05445760861039162, -0.051073331385850906, -0.0476890504360199, -0.04430477321147919, -0.04092049226164818, -0.03753621503710747, -0.03415193408727646, -0.03076765686273575, -0.027383379638195038, -0.023999100551009178, -0.02061482146382332, -0.017230544239282608, -0.013846264220774174, -0.010461986064910889, -0.007077706977725029, -0.0036934278905391693, -0.0003091469407081604, 0.0030751319136470556, 0.006459410768002272, 0.009843689389526844, 0.013227968476712704, 0.01661224663257599, 0.01999652571976185, 0.023380804806947708, 0.026765085756778717, 0.030149364843964577, 0.033533643931150436, 0.03691792115569115, 0.040302202105522156, 0.043686479330062866, 0.04707075655460358, 0.050455037504434586, 0.053839314728975296, 0.057223591953516006, 0.060607872903347015, 0.06399215012788773, 0.06737642735242844, 0.07076071202754974, 0.07414498925209045, 0.07752926647663116, 0.08091354370117188, 0.08429782092571259, 0.0876820981502533, 0.0910663828253746, 0.09445066004991531, 0.09783493727445602, 0.10121921449899673, 0.10460349917411804, 0.10798777639865875]}, "gradients/fc2.bias": {"_type": "histogram", "values": [1.0, 0.0, 0.0, 0.0, 0.0, 0.0, 1.0, 0.0, 1.0, 0.0, 0.0, 0.0, 0.0, 0.0, 1.0, 0.0, 0.0, 1.0, 1.0, 0.0, 0.0, 0.0, 3.0, 0.0, 0.0, 1.0, 0.0, 0.0, 3.0, 0.0, 1.0, 3.0, 0.0, 21.0, 3.0, 5.0, 1.0, 3.0, 2.0, 0.0, 0.0, 2.0, 1.0, 1.0, 1.0, 0.0, 0.0, 1.0, 1.0, 1.0, 1.0, 1.0, 0.0, 1.0, 0.0, 0.0, 0.0, 0.0, 0.0, 0.0, 0.0, 0.0, 0.0, 1.0], "bins": [-0.011429626494646072, -0.011088445782661438, -0.010747265070676804, -0.01040608435869217, -0.010064903646707535, -0.0097237229347229, -0.009382542222738266, -0.009041361510753632, -0.008700180798768997, -0.008359000086784363, -0.008017819374799728, -0.007676638662815094, -0.00733545795083046, -0.006994277238845825, -0.006653096992522478, -0.006311916280537844, -0.005970736034214497, -0.005629555322229862, -0.005288374610245228, -0.004947193898260593, -0.004606013186275959, -0.004264832474291325, -0.0039236522279679775, -0.003582471515983343, -0.003241291269659996, -0.0029001105576753616, -0.0025589298456907272, -0.0022177493665367365, -0.001876568654552102, -0.0015353879425674677, -0.001194207463413477, -0.0008530267514288425, -0.0005118455737829208, -0.00017066492000594735, 0.00017051573377102613, 0.0005116963293403387, 0.0008528770413249731, 0.0011940577533096075, 0.0015352382324635983, 0.0018764189444482327, 0.0022176001220941544, 0.0025587808340787888, 0.002899961546063423, 0.003241142025217414, 0.0035823227372020483, 0.003923503682017326, 0.0042646839283406734, 0.004605864640325308, 0.004947044886648655, 0.005288225598633289, 0.005629406310617924, 0.005970587022602558, 0.0063117677345871925, 0.006652948446571827, 0.006994128692895174, 0.007335309404879808, 0.007676490116864443, 0.00801767036318779, 0.008358851075172424, 0.008700031787157059, 0.009041212499141693, 0.009382393211126328, 0.009723573923110962, 0.010064754635095596, 0.01040593534708023]}, "gradients/fc2.weight": {"_type": "histogram", "values": [1.0, 0.0, 0.0, 0.0, 0.0, 0.0, 1.0, 0.0, 2.0, 0.0, 0.0, 0.0, 1.0, 0.0, 4.0, 0.0, 0.0, 5.0, 6.0, 2.0, 9.0, 10.0, 12.0, 12.0, 14.0, 19.0, 26.0, 30.0, 46.0, 56.0, 81.0, 101.0, 209.0, 1007.0, 5730.0, 284.0, 146.0, 91.0, 74.0, 55.0, 38.0, 29.0, 23.0, 20.0, 12.0, 10.0, 5.0, 4.0, 5.0, 2.0, 2.0, 2.0, 1.0, 1.0, 2.0, 0.0, 1.0, 0.0, 0.0, 0.0, 0.0, 0.0, 0.0, 1.0], "bins": [-0.07667773962020874, -0.07442627102136612, -0.0721748024225235, -0.06992333382368088, -0.06767186522483826, -0.06542039662599564, -0.06316892802715302, -0.060917455703020096, -0.058665987104177475, -0.056414518505334854, -0.05416304990649223, -0.05191158130764961, -0.04966010898351669, -0.04740864038467407, -0.04515717178583145, -0.04290570318698883, -0.04065423458814621, -0.03840276598930359, -0.03615129739046097, -0.03389982879161835, -0.031648360192775726, -0.029396889731287956, -0.027145419269800186, -0.024893950670957565, -0.022642482072114944, -0.020391013473272324, -0.018139544874429703, -0.015888074412941933, -0.013636605814099312, -0.011385137215256691, -0.009133667685091496, -0.0068821981549263, -0.004630737006664276, -0.002379267942160368, -0.0001277988776564598, 0.0021236701868474483, 0.0043751392513513565, 0.006626607850193977, 0.008878077380359173, 0.011129546910524368, 0.01338101550936699, 0.01563248410820961, 0.01788395270705223, 0.02013542316854, 0.022386891767382622, 0.024638360366225243, 0.026889830827713013, 0.029141299426555634, 0.031392768025398254, 0.033644236624240875, 0.035895705223083496, 0.03814717382192612, 0.04039864242076874, 0.04265011101961136, 0.04490158334374428, 0.0471530519425869, 0.04940452054142952, 0.05165598914027214, 0.05390745773911476, 0.05615892633795738, 0.0584103986620903, 0.06066186726093292, 0.06291333585977554, 0.06516480445861816, 0.06741627305746078]}, "gradients/fc1.bias": {"_type": "histogram", "values": [2.0, 0.0, 1.0, 1.0, 1.0, 1.0, 0.0, 0.0, 2.0, 0.0, 0.0, 0.0, 1.0, 2.0, 1.0, 0.0, 2.0, 2.0, 0.0, 2.0, 1.0, 0.0, 0.0, 1.0, 6.0, 4.0, 1.0, 5.0, 3.0, 41.0, 17.0, 5.0, 3.0, 2.0, 2.0, 1.0, 2.0, 0.0, 0.0, 3.0, 0.0, 0.0, 0.0, 1.0, 0.0, 0.0, 0.0, 1.0, 0.0, 1.0, 0.0, 1.0, 1.0, 1.0, 1.0, 0.0, 0.0, 1.0, 3.0, 0.0, 0.0, 1.0, 0.0, 1.0],