{"gradients/output.0.bias": {"_type": "histogram", "values": [1.0, 0.0, 0.0, 0.0, 0.0, 0.0, 0.0, 0.0, 0.0, 0.0, 0.0, 0.0, 0.0, 0.0, 0.0, 0.0, 0.0, 0.0, 0.0, 0.0, 0.0, 1.0, 0.0, 0.0, 0.0, 0.0, 1.0, 0.0, 0.0, 0.0, 0.0, 0.0, 0.0, 0.0, 0.0, 0.0, 0.0, 0.0, 1.0, 0.0, 0.0, 1.0, 0.0, 0.0, 0.0, 0.0, 0.0, 2.0, 0.0, 0.0, 0.0, 0.0, 0.0, 1.0, 1.0, 0.0, 0.0, 0.0, 0.0, 0.0, 0.0, 0.0, 0.0, 1.0], "bins": [-0.0750274807214737, -0.07312885671854019, -0.07123023271560669, -0.06933161616325378, -0.06743299216032028, -0.06553436815738678, -0.06363574415445328, -0.061737123876810074, -0.05983850359916687, -0.05793987959623337, -0.056041259318590164, -0.05414263531565666, -0.05224401503801346, -0.050345391035079956, -0.04844677075743675, -0.04654814675450325, -0.044649526476860046, -0.042750902473926544, -0.04085228219628334, -0.03895365819334984, -0.037055037915706635, -0.03515641391277313, -0.03325779363512993, -0.031359169632196426, -0.029460545629262924, -0.02756192348897457, -0.025663301348686218, -0.023764679208397865, -0.021866057068109512, -0.01996743306517601, -0.018068812787532806, -0.016170188784599304, -0.0142715685069561, -0.012372946366667747, -0.010474324226379395, -0.008575702086091042, -0.006677079480141401, -0.004778456874191761, -0.002879834733903408, -0.000981212593615055, 0.0009174086153507233, 0.0028160307556390762, 0.004714652895927429, 0.0066132755018770695, 0.008511897176504135, 0.010410520248115063, 0.012309142388403416, 0.014207764528691769, 0.016106387600302696, 0.01800500974059105, 0.019903631880879402, 0.021802254021167755, 0.023700876161456108, 0.02559949830174446, 0.027498122304677963, 0.029396742582321167, 0.03129536658525467, 0.03319399058818817, 0.035092610865831375, 0.03699123486876488, 0.03888985514640808, 0.04078847914934158, 0.04268709942698479, 0.04458572342991829, 0.04648434370756149]}, "gradients/output.0.weight": {"_type": "histogram", "values": [1.0, 1.0, 0.0, 1.0, 0.0, 1.0, 3.0, 0.0, 0.0, 0.0, 0.0, 0.0, 0.0, 0.0, 1.0, 0.0, 1.0, 3.0, 2.0, 2.0, 2.0, 2.0, 2.0, 1.0, 3.0, 3.0, 1.0, 5.0, 3.0, 1.0, 3.0, 4.0, 8.0, 10.0, 9.0, 8.0, 20.0, 19.0, 20.0, 328.0, 25.0, 24.0, 9.0, 20.0, 11.0, 13.0, 11.0, 14.0, 6.0, 8.0, 9.0, 4.0, 2.0, 4.0, 2.0, 1.0, 0.0, 2.0, 2.0, 1.0, 0.0, 2.0, 0.0, 2.0], "bins": [-0.008276021108031273, -0.008066060952842236, -0.007856100797653198, -0.007646141108125448, -0.007436180952936411, -0.007226221263408661, -0.0070162611082196236, -0.006806300953030586, -0.006596340797841549, -0.006386380642652512, -0.006176420953124762, -0.005966460797935724, -0.005756500642746687, -0.005546540953218937, -0.0053365807980299, -0.005126620642840862, -0.004916660953313112, -0.004706700798124075, -0.004496741108596325, -0.004286780953407288, -0.00407682079821825, -0.0038668608758598566, -0.003656900953501463, -0.0034469407983124256, -0.0032369811087846756, -0.003027021186426282, -0.0028170610312372446, -0.002607101108878851, -0.0023971409536898136, -0.00218718103133142, -0.0019772211089730263, -0.0017672610701993108, -0.001557301264256239, -0.0013473412254825234, -0.001137381186708808, -0.0009274212643504143, -0.0007174612255766988, -0.0005075011868029833, -0.0002975412644445896, -8.758122567087412e-05, 0.00012237904593348503, 0.00033233905560337007, 0.0005422990652732551, 0.0007522590458393097, 0.0009622190846130252, 0.0011721791233867407, 0.0013821390457451344, 0.0015920990845188498, 0.0018020588904619217, 0.0020120188128203154, 0.0022219789680093527, 0.0024319388903677464, 0.0026418990455567837, 0.0028518589679151773, 0.003061818890273571, 0.0032717790454626083, 0.003481738967821002, 0.0036916988901793957, 0.003901659045368433, 0.004111618734896183, 0.00432157889008522, 0.004531539045274258, 0.004741499200463295, 0.004951458889991045, 0.005161419045180082]}, "gradients/fc2.bias": {"_type": "histogram", "values": [1.0, 0.0, 0.0, 0.0, 0.0, 1.0, 0.0, 0.0, 1.0, 0.0, 0.0, 0.0, 1.0, 0.0, 0.0, 0.0, 1.0, 1.0, 2.0, 1.0, 2.0, 0.0, 1.0, 2.0, 2.0, 1.0, 2.0, 27.0, 1.0, 0.0, 1.0, 1.0, 1.0, 0.0, 1.0, 0.0, 0.0, 2.0, 0.0, 2.0, 0.0, 0.0, 1.0, 2.0, 0.0, 0.0, 0.0, 1.0, 0.0, 0.0, 0.0, 0.0, 1.0, 0.0, 0.0, 1.0, 0.0, 0.0, 2.0, 0.0, 0.0, 0.0, 0.0, 1.0], "bins": [-0.008050546981394291, -0.007753643672913313, -0.007456740364432335, -0.007159837055951357, -0.006862933747470379, -0.006566030438989401, -0.006269127130508423, -0.005972223822027445, -0.005675320513546467, -0.005378417205065489, -0.005081513896584511, -0.004784610588103533, -0.004487707279622555, -0.004190803971141577, -0.0038939006626605988, -0.0035969973541796207, -0.0033000940456986427, -0.0030031907372176647, -0.0027062874287366867, -0.0024093841202557087, -0.0021124808117747307, -0.0018155775032937527, -0.0015186741948127747, -0.0012217708863317966, -0.0009248675778508186, -0.0006279642693698406, -0.0003310609608888626, -3.41576524078846e-05, 0.0002627456560730934, 0.0005596489645540714, 0.0008565522730350494, 0.0011534555815160275, 0.0014503588899970055, 0.0017472621984779835, 0.0020441655069589615, 0.0023410688154399395, 0.0026379721239209175, 0.0029348754324018955, 0.0032317787408828735, 0.0035286820493638515, 0.0038255853578448296, 0.004122488666325808, 0.004419391974806786, 0.004716295283287764, 0.005013198591768742, 0.00531010190024972, 0.005607005208730698, 0.005903908517211676, 0.006200811825692654, 0.006497715134173632, 0.00679461844265461, 0.007091521751135588, 0.007388425059616566, 0.007685328368097544, 0.007982231676578522, 0.008279135450720787, 0.008576038293540478, 0.008872941136360168, 0.009169844910502434, 0.009466748684644699, 0.00976365152746439, 0.01006055437028408, 0.010357458144426346, 0.010654361918568611, 0.010951264761388302]}, "gradients/fc2.weight": {"_type": "histogram", "values": [1.0, 0.0, 0.0, 0.0, 0.0, 0.0, 0.0, 1.0, 1.0, 1.0, 0.0, 2.0, 1.0, 3.0, 5.0, 4.0, 11.0, 15.0, 10.0, 18.0, 19.0, 24.0, 42.0, 57.0, 65.0, 69.0, 80.0, 106.0, 141.0, 195.0, 361.0, 5242.0, 473.0, 245.0, 186.0, 126.0, 116.0, 82.0, 73.0, 72.0, 48.0, 54.0, 44.0, 30.0, 27.0, 22.0, 20.0, 14.0, 21.0, 17.0, 8.0, 8.0, 3.0, 8.0, 5.0, 6.0, 2.0, 2.0, 1.0, 2.0, 1.0, 0.0, 1.0, 1.0], "bins": [-0.0023358117323368788, -0.0022620081435889006, -0.0021882045548409224, -0.002114400966092944, -0.002040597377344966, -0.0019667937885969877, -0.0018929903162643313, -0.0018191867275163531, -0.001745383138768375, -0.0016715795500203967, -0.0015977759612724185, -0.0015239723725244403, -0.001450168900191784, -0.0013763653114438057, -0.0013025617226958275, -0.0012287581339478493, -0.001154954545199871, -0.0010811509564518929, -0.0010073473677039146, -0.0009335438371635973, -0.0008597402484156191, -0.0007859366596676409, -0.0007121331291273236, -0.0006383295403793454, -0.0005645259516313672, -0.000490722362883389, -0.00041691880323924124, -0.0003431152435950935, -0.0002693116548471153, -0.00019550806609913707, -0.00012170450645498931, -4.790094681084156e-05, 2.590264193713665e-05, 9.970621613319963e-05, 0.00017350979032926261, 0.00024731334997341037, 0.0003211169387213886, 0.0003949205274693668, 0.00046872408711351454, 0.0005425276467576623, 0.0006163312355056405, 0.0006901348242536187, 0.0007639384130015969, 0.0008377419435419142, 0.0009115455322898924, 0.0009853490628302097, 0.001059152651578188, 0.0011329562403261662, 0.0012067598290741444, 0.0012805634178221226, 0.0013543670065701008, 0.001428170595318079, 0.0015019741840660572, 0.0015757777728140354, 0.0016495812451466918, 0.00172338483389467, 0.0017971884226426482, 0.0018709920113906264, 0.0019447956001386046, 0.002018599072471261, 0.0020924026612192392, 0.0021662062499672174, 0.0022400098387151957, 0.002313813427463174, 0.002387617016211152]}, "gradients/fc1.bias": {"_type": "histogram", "values": [1.0, 0.0, 0.0, 0.0, 0.0, 0.0, 0.0, 0.0, 0.0, 0.0, 0.0, 0.0, 0.0, 1.0, 0.0, 2.0, 1.0, 1.0, 1.0, 1.0, 2.0, 1.0, 4.0, 1.0, 4.0, 2.0, 4.0, 3.0, 2.0, 9.0, 6.0, 6.0, 33.0, 3.0, 5.0, 4.0, 2.0, 7.0, 4.0, 2.0, 4.0, 2.0, 0.0, 0.0, 0.0, 2.0, 3.0, 0.0, 1.0, 1.0, 0.0, 1.0, 0.0, 1.0, 0.0, 0.0, 0.0, 0.0, 0.0, 0.0, 0.0, 0.0, 0.0, 1.0],