{"loss": 0.0011506108567118645, "_runtime": 27, "_timestamp": 1641462945, "_step": 97, "gradients/output.0.bias": {"_type": "histogram", "values": [1.0, 0.0, 0.0, 0.0, 0.0, 0.0, 0.0, 0.0, 0.0, 0.0, 0.0, 0.0, 0.0, 0.0, 0.0, 0.0, 0.0, 0.0, 0.0, 0.0, 0.0, 0.0, 0.0, 0.0, 0.0, 0.0, 0.0, 0.0, 0.0, 0.0, 1.0, 0.0, 0.0, 0.0, 0.0, 0.0, 0.0, 1.0, 0.0, 0.0, 2.0, 1.0, 1.0, 0.0, 0.0, 0.0, 0.0, 0.0, 0.0, 0.0, 0.0, 1.0, 0.0, 0.0, 0.0, 0.0, 0.0, 0.0, 1.0, 0.0, 0.0, 0.0, 0.0, 1.0], "bins": [-0.010267313569784164, -0.010015111416578293, -0.009762909263372421, -0.00951070711016655, -0.009258504956960678, -0.009006302803754807, -0.008754100650548935, -0.008501898497343063, -0.008249696344137192, -0.00799749419093132, -0.007745292037725449, -0.007493089884519577, -0.0072408877313137054, -0.006988685578107834, -0.006736483424901962, -0.006484281271696091, -0.006232079584151506, -0.005979877430945635, -0.005727675277739763, -0.005475473124533892, -0.00522327097132802, -0.0049710688181221485, -0.004718867130577564, -0.004466664977371693, -0.004214462824165821, -0.0039622606709599495, -0.003710058517754078, -0.0034578563645482063, -0.0032056542113423347, -0.002953452058136463, -0.0027012501377612352, -0.0024490479845553637, -0.0021968455985188484, -0.0019446434453129768, -0.0016924412921071053, -0.0014402392553165555, -0.001188037102110684, -0.0009358349489048123, -0.0006836329121142626, -0.000431430758908391, -0.00017922837287187576, 7.297375123016536e-05, 0.0003251758753322065, 0.0005773779703304172, 0.0008295801235362887, 0.0010817822767421603, 0.00133398431353271, 0.0015861864667385817, 0.0018383883871138096, 0.002090590540319681, 0.0023427926935255527, 0.0025949948467314243, 0.002847196999937296, 0.0030993991531431675, 0.0033516010735183954, 0.003603803226724267, 0.0038560053799301386, 0.0041082073003053665, 0.004360409453511238, 0.00461261160671711, 0.004864813759922981, 0.005117015913128853, 0.005369218066334724, 0.005621420219540596, 0.005873622372746468]}, "gradients/output.0.weight": {"_type": "histogram", "values": [1.0, 0.0, 0.0, 0.0, 1.0, 0.0, 0.0, 0.0, 1.0, 0.0, 1.0, 0.0, 1.0, 0.0, 0.0, 2.0, 1.0, 2.0, 1.0, 3.0, 2.0, 1.0, 0.0, 3.0, 2.0, 1.0, 1.0, 4.0, 2.0, 8.0, 3.0, 2.0, 9.0, 5.0, 10.0, 17.0, 22.0, 400.0, 34.0, 20.0, 13.0, 5.0, 12.0, 3.0, 4.0, 6.0, 3.0, 4.0, 5.0, 4.0, 2.0, 6.0, 1.0, 2.0, 2.0, 3.0, 2.0, 0.0, 2.0, 0.0, 0.0, 0.0, 0.0, 1.0], "bins": [-0.0566677525639534, -0.055162325501441956, -0.05365689843893051, -0.052151475101709366, -0.05064604803919792, -0.04914062097668648, -0.04763519763946533, -0.04612977057695389, -0.044624343514442444, -0.043118916451931, -0.041613489389419556, -0.04010806605219841, -0.038602638989686966, -0.03709721192717552, -0.035591788589954376, -0.03408636152744293, -0.03258093446493149, -0.031075507402420044, -0.02957008220255375, -0.028064657002687454, -0.02655922994017601, -0.025053802877664566, -0.02354837767779827, -0.022042952477931976, -0.020537525415420532, -0.019032098352909088, -0.017526673153042793, -0.0160212479531765, -0.014515820890665054, -0.013010394759476185, -0.011504968628287315, -0.009999542497098446, -0.008494112640619278, -0.0069886865094304085, -0.005483260378241539, -0.0039778342470526695, -0.0024724081158638, -0.0009669819846749306, 0.0005384441465139389, 0.0020438702777028084, 0.003549296408891678, 0.005054722540080547, 0.006560148671269417, 0.008065574802458286, 0.009571000933647156, 0.011076427064836025, 0.012581853196024895, 0.014087279327213764, 0.015592705458402634, 0.017098132520914078, 0.018603557720780373, 0.020108982920646667, 0.02161440998315811, 0.023119837045669556, 0.02462526224553585, 0.026130687445402145, 0.02763611450791359, 0.029141541570425034, 0.03064696677029133, 0.03215239197015762, 0.03365781903266907, 0.03516324609518051, 0.036668673157691956, 0.0381740964949131, 0.039679523557424545]}, "gradients/fc2.bias": {"_type": "histogram", "values": [1.0, 1.0, 0.0, 0.0, 0.0, 0.0, 0.0, 0.0, 1.0, 0.0, 1.0, 0.0, 1.0, 0.0, 0.0, 1.0, 1.0, 0.0, 2.0, 1.0, 0.0, 0.0, 1.0, 0.0, 1.0, 3.0, 4.0, 1.0, 0.0, 12.0, 4.0, 7.0, 2.0, 1.0, 4.0, 3.0, 1.0, 1.0, 0.0, 1.0, 0.0, 1.0, 0.0, 1.0, 1.0, 1.0, 0.0, 0.0, 0.0, 0.0, 0.0, 1.0, 1.0, 0.0, 0.0, 0.0, 0.0, 0.0, 0.0, 1.0, 0.0, 0.0, 0.0, 1.0], "bins": [-0.005622799042612314, -0.005433109123259783, -0.005243419203907251, -0.00505372928455472, -0.004864038899540901, -0.00467434898018837, -0.004484659060835838, -0.004294969141483307, -0.0041052792221307755, -0.003915589302778244, -0.0037258993834257126, -0.0035362092312425375, -0.003346519311890006, -0.0031568293925374746, -0.0029671392403542995, -0.002777449321001768, -0.0025877594016492367, -0.0023980694822967052, -0.002208379562944174, -0.0020186894107609987, -0.0018289994914084673, -0.0016393095720559359, -0.0014496195362880826, -0.0012599295005202293, -0.001070239581167698, -0.0008805496036075056, -0.0006908596260473132, -0.0005011696484871209, -0.0003114796709269285, -0.00012178969336673617, 6.790028419345617e-05, 0.00025759031996130943, 0.0004472807049751282, 0.0006369706825353205, 0.0008266606600955129, 0.0010163506958633661, 0.0012060406152158976, 0.001395730534568429, 0.0015854205703362823, 0.0017751106061041355, 0.001964800525456667, 0.0021544904448091984, 0.00234418036416173, 0.002533870516344905, 0.0027235604356974363, 0.0029132503550499678, 0.003102940507233143, 0.0032926304265856743, 0.0034823203459382057, 0.003672010265290737, 0.0038617001846432686, 0.0040513901039958, 0.0042410800233483315, 0.00443077040836215, 0.004620460327714682, 0.004810150247067213, 0.0049998401664197445, 0.005189530085772276, 0.005379220005124807, 0.005568909924477339, 0.0057586003094911575, 0.005948290228843689, 0.00613798014819622, 0.006327670067548752, 0.006517359986901283]}, "gradients/fc2.weight": {"_type": "histogram", "values": [1.0, 0.0, 1.0, 0.0, 1.0, 0.0, 1.0, 1.0, 2.0, 2.0, 1.0, 4.0, 7.0, 6.0, 8.0, 5.0, 5.0, 12.0, 23.0, 23.0, 17.0, 31.0, 31.0, 51.0, 53.0, 94.0, 131.0, 188.0, 353.0, 1595.0, 4300.0, 448.0, 232.0, 152.0, 93.0, 76.0, 54.0, 28.0, 22.0, 23.0, 20.0, 18.0, 15.0, 8.0, 8.0, 11.0, 6.0, 5.0, 9.0, 4.0, 0.0, 0.0, 2.0, 2.0, 1.0, 0.0, 1.0, 2.0, 1.0, 2.0, 1.0, 0.0, 0.0, 1.0], "bins": [-0.03679361939430237, -0.03556758910417557, -0.03434155881404877, -0.03311552852392197, -0.031889498233795166, -0.030663466081023216, -0.029437433928251266, -0.028211403638124466, -0.026985373347997665, -0.025759343057870865, -0.024533312767744064, -0.023307280614972115, -0.022081250324845314, -0.020855220034718513, -0.019629187881946564, -0.018403157591819763, -0.017177127301692963, -0.015951097011566162, -0.014725065790116787, -0.013499034568667412, -0.012273004278540611, -0.01104697398841381, -0.009820942766964436, -0.00859491154551506, -0.00736888125538826, -0.006142850499600172, -0.004916819743812084, -0.0036907889880239964, -0.0024647582322359085, -0.0012387274764478207, -1.2696720659732819e-05, 0.0012133345007896423, 0.0024393610656261444, 0.0036653918214142323, 0.00489142257720232, 0.006117453332990408, 0.007343484088778496, 0.008569514378905296, 0.009795545600354671, 0.011021576821804047, 0.012247607111930847, 0.013473637402057648, 0.014699668623507023, 0.015925699844956398, 0.0171517301350832, 0.01837776042521, 0.01960379257798195, 0.02082982286810875, 0.02205585315823555, 0.02328188344836235, 0.02450791373848915, 0.0257339458912611, 0.0269599761813879, 0.028186006471514702, 0.02941203862428665, 0.030638068914413452, 0.03186409920454025, 0.03309012949466705, 0.034316159784793854, 0.035542190074920654, 0.036768220365047455, 0.037994254380464554, 0.039220284670591354, 0.040446314960718155, 0.041672345250844955]}, "gradients/fc1.bias": {"_type": "histogram", "values": [1.0, 0.0, 0.0, 0.0, 0.0, 0.0, 0.0, 0.0, 0.0, 1.0, 1.0, 0.0, 0.0, 1.0, 0.0, 0.0, 0.0, 0.0, 2.0, 0.0, 1.0, 2.0, 0.0, 1.0, 0.0, 1.0, 1.0, 3.0, 3.0, 1.0, 6.0, 3.0, 3.0, 4.0, 10.0, 9.0, 28.0, 5.0, 6.0, 5.0, 1.0, 4.0, 3.0, 2.0, 0.0, 3.0, 2.0, 4.0, 2.0, 1.0, 1.0, 1.0, 2.0, 1.0, 0.0, 1.0, 1.0, 0.0, 0.0, 0.0, 0.0, 0.0, 0.0, 1.0],